AAL,57.09692,9.856463,DK,Europe/Copenhagen,3600,0,2022-03-27 01:00:00,2022-10-30 01:00:00
ABQ,35.043335,-106.61291,US,America/Denver,-21600,1,2022-03-13 09:00:00,2022-11-06 08:00:00
ABZ,57.203697,-2.200162,GB,Europe/London,0,0,2022-03-27 01:00:00,2022-10-30 01:00:00
ADL,-34.946156,138.53323,AU,Australia/Adelaide,37800,1,2022-04-02 16:30:00,2022-10-01 16:30:00
AGS,33.368855,-81.96577,US,America/New_York,-14400,1,2022-03-13 07:00:00,2022-11-06 06:00:00
AKL,-37.008247,174.78503,NZ,Pacific/Auckland,46800,1,2022-04-02 14:00:00,2022-09-24 14:00:00
AMM,31.723248,35.99507,JO,Asia/Amman,10800,1,2022-02-24 22:00:00,2022-10-27 22:00:00
AMS,52.31054,4.7682743,NL,Europe/Amsterdam,3600,0,2022-03-27 01:00:00,2022-10-30 01:00:00
AOR,6.1919985,100.39505,MY,Asia/Kuala_Lumpur,28800,0,No DST
ARN,59.64976,17.92378,SE,Europe/Stockholm,3600,0,2022-03-27 01:00:00,2022-10-30 01:00:00
ASU,-25.241512,-57.514183,PY,America/Asuncion,-10800,1,2022-03-27 03:00:00,2022-10-02 04:00:00
ATH,37.935646,23.948416,GR,Europe/Athens,7200,0,2022-03-27 01:00:00,2022-10-30 01:00:00
ATL,33.640728,-84.427704,US,America/New_York,-14400,1,2022-03-13 07:00:00,2022-11-06 06:00:00
AUS,30.197472,-97.66635,US,America/Chicago,-18000,1,2022-03-13 08:00:00,2022-11-06 07:00:00
AZO,42.23555,-85.55159,US,America/Detroit,-14400,1,2022-03-13 07:00:00,2022-11-06 06:00:00
BCN,41.297443,2.0832942,ES,Europe/Madrid,3600,0,2022-03-27 01:00:00,2022-10-30 01:00:00
BDJ,-3.438203,114.75417,ID,Asia/Makassar,28800,0,No DST
BDL,41.939167,-72.683333,US,America/New_York,-14400,1,2022-03-13 07:00:00,2022-11-06 06:00:00
BEG,44.8205,20.29169,RS,Europe/Belgrade,3600,0,2022-03-27 01:00:00,2022-10-30 01:00:00
BER,52.362514,13.502978,DE,Europe/Berlin,3600,0,2022-03-27 01:00:00,2022-10-30 01:00:00
BGO,60.29183,5.2220173,NO,Europe/Oslo,3600,0,2022-03-27 01:00:00,2022-10-30 01:00:00
BHD,54.617615,-5.8718305,GB,Europe/London,0,0,2022-03-27 01:00:00,2022-10-30 01:00:00
BHX,52.45238,-1.7435071,GB,Europe/London,0,0,2022-03-27 01:00:00,2022-10-30 01:00:00
BIO,43.302494,-2.911116,ES,Europe/Madrid,3600,0,2022-03-27 01:00:00,2022-10-30 01:00:00
BIX,30.409416,-88.92527,US,America/Chicago,-18000,1,2022-03-13 08:00:00,2022-11-06 07:00:00
BKK,13.689999,100.750114,TH,Asia/Bangkok,25200,0,No DST
BOM,19.08956,72.865616,IN,Asia/Kolkata,19800,0,No DST
BOS,42.365612,-71.00956,US,America/New_York,-14400,1,2022-03-13 07:00:00,2022-11-06 06:00:00
CKG,29.719166,106.64167,CN,Asia/Shanghai,28800,0,No DST
CLL,30.591007,-96.36276,US,America/Chicago,-18000,1,2022-03-13 08:00:00,2022-11-06 07:00:00
CTS,42.792595,141.67047,JP,Asia/Tokyo,32400,0,No DST
CTU,30.567455,103.949295,CN,Asia/Shanghai,28800,0,No DST
CVG,39.053276,-84.66302,US,America/New_York,-14400,1,2022-03-13 07:00:00,2022-11-06 06:00:00
DAC,23.843435,90.40292,BD,Asia/Dhaka,21600,0,No DST
DAL,32.848103,-96.851204,US,America/Chicago,-18000,1,2022-03-13 08:00:00,2022-11-06 07:00:00
DAY,39.902523,-84.22177,US,America/New_York,-14400,1,2022-03-13 07:00:00,2022-11-06 06:00:00
DCA,38.851242,-77.04023,US,America/New_York,-14400,1,2022-03-13 07:00:00,2022-11-06 06:00:00
DEL,28.556162,77.09996,IN,Asia/Kolkata,19800,0,No DST
DEN,39.8561,-104.67374,US,America/Denver,-21600,1,2022-03-13 09:00:00,2022-11-06 08:00:00
DFW,32.89981,-97.04034,US,America/Chicago,-18000,1,2022-03-13 08:00:00,2022-11-06 07:00:00
DLC,38.965557,121.53833,CN,Asia/Shanghai,28800,0,No DST
DMK,13.91326,100.6042,TH,Asia/Bangkok,25200,0,No DST
DOH,25.260595,51.613766,QA,Asia/Qatar,10800,0,No DST
BKI,5.923076,116.05102,MY,Asia/Kuching,28800,0,No DST
BOI,43.565823,-116.22231,US,America/Boise,-21600,1,2022-03-13 09:00:00,2022-11-06 08:00:00
BRI,41.13751,16.765202,IT,Europe/Rome,3600,0,2022-03-27 01:00:00,2022-10-30 01:00:00
BRS,51.38363,-2.7135463,GB,Europe/London,0,0,2022-03-27 01:00:00,2022-10-30 01:00:00
BRU,50.900997,4.4855742,BE,Europe/Brussels,3600,0,2022-03-27 01:00:00,2022-10-30 01:00:00
BSB,-15.869737,-47.917236,BR,America/Sao_Paulo,-10800,0,No DST
CNS,-16.877762,145.74994,AU,Australia/Brisbane,36000,0,No DST
CNX,18.76775,98.96401,TH,Asia/Bangkok,25200,0,No DST
CPH,55.618023,12.650763,DK,Europe/Copenhagen,3600,0,2022-03-27 01:00:00,2022-10-30 01:00:00
CPT,-33.971462,18.602085,ZA,Africa/Johannesburg,7200,0,No DST
DRO,37.150608,-107.75326,US,America/Denver,-21600,1,2022-03-13 09:00:00,2022-11-06 08:00:00
DRS,51.132153,13.767207,DE,Europe/Berlin,3600,0,2022-03-27 01:00:00,2022-10-30 01:00:00
DSM,41.534134,-93.6588,US,America/Chicago,-18000,1,2022-03-13 08:00:00,2022-11-06 07:00:00
DTW,42.21617,-83.355385,US,America/Detroit,-14400,1,2022-03-13 07:00:00,2022-11-06 06:00:00
DUB,53.42645,-6.24991,IE,Europe/Dublin,0,1,2022-03-27 01:00:00,2022-10-30 01:00:00
GIG,-22.805265,-43.25663,BR,America/Sao_Paulo,-10800,0,No DST
GLA,55.869076,-4.435053,GB,Europe/London,0,0,2022-03-27 01:00:00,2022-10-30 01:00:00
GOT,57.6688,12.292314,SE,Europe/Stockholm,3600,0,2022-03-27 01:00:00,2022-10-30 01:00:00
GRU,-23.430573,-46.47304,BR,America/Sao_Paulo,-10800,0,No DST
BLL,55.740807,9.1526,DK,Europe/Copenhagen,3600,0,2022-03-27 01:00:00,2022-10-30 01:00:00
BLQ,44.534523,11.287859,IT,Europe/Rome,3600,0,2022-03-27 01:00:00,2022-10-30 01:00:00
BNE,-27.394215,153.12183,AU,Australia/Brisbane,36000,0,No DST
BOD,44.830593,-0.7103052,FR,Europe/Paris,3600,0,2022-03-27 01:00:00,2022-10-30 01:00:00
BOG,4.7014127,-74.14449,CO,America/Bogota,-18000,0,No DST
BRE,53.04797,8.785873,DE,Europe/Berlin,3600,0,2022-03-27 01:00:00,2022-10-30 01:00:00
BSL,47.59818,7.525496,FR,Europe/Paris,3600,0,2022-03-27 01:00:00,2022-10-30 01:00:00
BTH,1.1219254,104.11829,ID,Asia/Jakarta,25200,0,No DST
BTU,3.1238103,113.02402,MY,Asia/Kuching,28800,0,No DST
BUD,47.438457,19.252296,HU,Europe/Budapest,3600,0,2022-03-27 01:00:00,2022-10-30 01:00:00
CAN,23.395908,113.30797,CN,Asia/Shanghai,28800,0,No DST
CBR,-35.305233,149.19339,AU,Australia/Sydney,39600,1,2022-04-02 16:00:00,2022-10-01 16:00:00
CDG,49.00969,2.5479245,FR,Europe/Paris,3600,0,2022-03-27 01:00:00,2022-10-30 01:00:00
CEB,10.310656,123.980225,PH,Asia/Manila,28800,0,No DST
CFS,-30.322926,153.11583,AU,Australia/Sydney,39600,1,2022-04-02 16:00:00,2022-10-01 16:00:00
CGK,-6.127528,106.65371,ID,Asia/Jakarta,25200,0,No DST
CGO,34.52534,113.84615,CN,Asia/Shanghai,28800,0,No DST
CHC,-43.486397,172.53687,NZ,Pacific/Auckland,46800,1,2022-04-02 14:00:00,2022-09-24 14:00:00
CHO,38.13949,-78.451614,US,America/New_York,-14400,1,2022-03-13 07:00:00,2022-11-06 06:00:00
CLT,35.2144,-80.94731,US,America/New_York,-14400,1,2022-03-13 07:00:00,2022-11-06 06:00:00
CSX,28.196667,113.22083,CN,Asia/Shanghai,28800,0,No DST
DPS,-8.746717,115.16679,ID,Asia/Makassar,28800,0,No DST
DUS,51.287613,6.7667913,DE,Europe/Berlin,3600,0,2022-03-27 01:00:00,2022-10-30 01:00:00
DVO,7.128764,125.64608,PH,Asia/Manila,28800,0,No DST
DXB,25.253174,55.365673,AE,Asia/Dubai,14400,0,No DST
EDI,55.950787,-3.3614533,GB,Europe/London,0,0,2022-03-27 01:00:00,2022-10-30 01:00:00
ELP,31.805336,-106.38243,US,America/Denver,-21600,1,2022-03-13 09:00:00,2022-11-06 08:00:00
EWR,40.689533,-74.17446,US,America/New_York,-14400,1,2022-03-13 07:00:00,2022-11-06 06:00:00
FAY,34.99258,-78.88467,US,America/New_York,-14400,1,2022-03-13 07:00:00,2022-11-06 06:00:00
FCO,41.79989,12.246239,IT,Europe/Rome,3600,0,2022-03-27 01:00:00,2022-10-30 01:00:00
FLL,26.074234,-80.150604,US,America/New_York,-14400,1,2022-03-13 07:00:00,2022-11-06 06:00:00
FLR,43.808655,11.201224,IT,Europe/Rome,3600,0,2022-03-27 01:00:00,2022-10-30 01:00:00
FOC,25.930637,119.6702,CN,Asia/Shanghai,28800,0,No DST
FRA,50.037933,8.562152,DE,Europe/Berlin,3600,0,2022-03-27 01:00:00,2022-10-30 01:00:00
FUK,33.590313,130.44672,JP,Asia/Tokyo,32400,0,No DST
GDL,20.525955,-103.307625,MX,America/Mexico_City,-21600,0,2022-04-03 08:00:00,2022-10-30 07:00:00
GDN,54.37884,18.468075,PL,Europe/Warsaw,3600,0,2022-03-27 01:00:00,2022-10-30 01:00:00
GFK,47.94286,-97.17658,US,America/Chicago,-18000,1,2022-03-13 08:00:00,2022-11-06 07:00:00
GSO,36.104366,-79.93518,US,America/New_York,-14400,1,2022-03-13 07:00:00,2022-11-06 06:00:00
GUA,14.584098,-90.52769,GT,America/Guatemala,-21600,0,No DST
GUM,13.485297,144.80081,GU,Pacific/Guam,36000,0,No DST
GVA,46.23701,6.1091566,CH,Europe/Zurich,3600,0,2022-03-27 01:00:00,2022-10-30 01:00:00
HAJ,52.46185,9.688992,DE,Europe/Berlin,3600,0,2022-03-27 01:00:00,2022-10-30 01:00:00
HAM,53.63362,9.997413,DE,Europe/Berlin,3600,0,2022-03-27 01:00:00,2022-10-30 01:00:00
HAN,21.218716,105.80417,TH,Asia/Bangkok,25200,0,No DST
HDN,40.481403,-107.21661,US,America/Denver,-21600,1,2022-03-13 09:00:00,2022-11-06 08:00:00
HEL,60.32104,24.95286,FI,Europe/Helsinki,7200,0,2022-03-27 01:00:00,2022-10-30 01:00:00
HER,35.33958,25.174747,GR,Europe/Athens,7200,0,2022-03-27 01:00:00,2022-10-30 01:00:00
HFE,31.9869,116.96921,CN,Asia/Shanghai,28800,0,No DST
HKG,22.308046,113.91848,HK,Asia/Hong_Kong,28800,0,No DST
HKT,8.111095,98.306465,TH,Asia/Bangkok,25200,0,No DST
HND,35.549393,139.77985,JP,Asia/Tokyo,32400,0,No DST
HNL,21.324512,-157.92508,US,Pacific/Honolulu,-36000,0,No DST
IAD,38.953117,-77.456535,US,America/New_York,-14400,1,2022-03-13 07:00:00,2022-11-06 06:00:00
IAH,29.99022,-95.336784,US,America/Chicago,-18000,1,2022-03-13 08:00:00,2022-11-06 07:00:00
KBP,50.338223,30.893927,UA,Europe/Kiev,7200,0,2022-03-27 01:00:00,2022-10-30 01:00:00
KCH,1.4868501,110.341736,MY,Asia/Kuching,28800,0,No DST
KHH,22.574629,120.34481,TW,Asia/Taipei,28800,0,No DST
LIS,38.775593,-9.135366,PT,Europe/Lisbon,0,0,2022-03-27 01:00:00,2022-10-30 01:00:00
GRZ,46.994045,15.440131,AT,Europe/Vienna,3600,0,2022-03-27 01:00:00,2022-10-30 01:00:00
ICN,37.46019,126.4407,KR,Asia/Seoul,32400,0,No DST
ICT,37.650852,-97.428696,US,America/Chicago,-18000,1,2022-03-13 08:00:00,2022-11-06 07:00:00
IND,39.716858,-86.29559,US,America/Indiana/Indianapolis,-14400,1,2022-03-13 07:00:00,2022-11-06 06:00:00
ITM,34.79074,135.4416,JP,Asia/Tokyo,32400,0,No DST
JAN,32.31223,-90.07642,US,America/Chicago,-18000,1,2022-03-13 08:00:00,2022-11-06 07:00:00
JAX,30.494072,-81.687935,US,America/New_York,-14400,1,2022-03-13 07:00:00,2022-11-06 06:00:00
JFK,40.64131,-73.77814,US,America/New_York,-14400,1,2022-03-13 07:00:00,2022-11-06 06:00:00
JHB,1.6367702,103.669556,MY,Asia/Kuala_Lumpur,28800,0,No DST
JNB,-26.136673,28.241146,ZA,Africa/Johannesburg,7200,0,No DST
KIX,34.432003,135.2304,JP,Asia/Tokyo,32400,0,No DST
KMG,25.09586,102.928505,CN,Asia/Shanghai,28800,0,No DST
KNO,3.6338253,98.877304,ID,Asia/Jakarta,25200,0,No DST
KRK,50.076977,19.788118,PL,Europe/Warsaw,3600,0,2022-03-27 01:00:00,2022-10-30 01:00:00
KSC,48.672905,21.237444,SK,Europe/Bratislava,3600,0,2022-03-27 01:00:00,2022-10-30 01:00:00
KTM,27.69809,85.35922,NP,Asia/Kathmandu,20700,0,No DST
KUL,2.7343836,101.70541,MY,Asia/Kuala_Lumpur,28800,0,No DST
IQQ,-20.536407,-70.18052,CL,America/Santiago,-10800,1,2022-04-03 03:00:00,2022-09-04 04:00:00
LAX,33.94159,-118.40853,US,America/Los_Angeles,-25200,1,2022-03-13 10:00:00,2022-11-06 09:00:00
LBA,53.867943,-1.6615306,GB,Europe/London,0,0,2022-03-27 01:00:00,2022-10-30 01:00:00
LCY,51.504845,0.049518,GB,Europe/London,0,0,2022-03-27 01:00:00,2022-10-30 01:00:00
LGK,6.34206,99.73152,MY,Asia/Kuala_Lumpur,28800,0,No DST
LGP,13.114046,123.679115,PH,Asia/Manila,28800,0,No DST
LGW,51.153664,-0.1820629,GB,Europe/London,0,0,2022-03-27 01:00:00,2022-10-30 01:00:00
LHR,51.470024,-0.4542955,GB,Europe/London,0,0,2022-03-27 01:00:00,2022-10-30 01:00:00
LIM,-12.024053,-77.11204,PE,America/Lima,-18000,0,No DST
LIN,45.452175,9.276308,IT,Europe/Rome,3600,0,2022-03-27 01:00:00,2022-10-30 01:00:00
IST,40.98299,28.810442,TR,Europe/Istanbul,10800,0,No DST
KOJ,31.802853,130.71802,JP,Asia/Tokyo,32400,0,No DST
LAS,36.084,-115.15374,US,America/Los_Angeles,-25200,1,2022-03-13 10:00:00,2022-11-06 09:00:00
LOS,6.5818186,3.3211348,NG,Africa/Lagos,3600,0,No DST
LUX,49.6289,6.2147446,LU,Europe/Luxembourg,3600,0,2022-03-27 01:00:00,2022-10-30 01:00:00
LYS,45.72342,5.0887766,FR,Europe/Paris,3600,0,2022-03-27 01:00:00,2022-10-30 01:00:00
MAD,40.498333,-3.567598,ES,Europe/Madrid,3600,0,2022-03-27 01:00:00,2022-10-30 01:00:00
MAJ,7.069028,171.28288,MH,Pacific/Majuro,43200,0,No DST
MAN,53.358803,-2.2727304,GB,Europe/London,0,0,2022-03-27 01:00:00,2022-10-30 01:00:00
MCO,28.431158,-81.30808,US,America/New_York,-14400,1,2022-03-13 07:00:00,2022-11-06 06:00:00
MEL,-37.669014,144.84103,AU,Australia/Melbourne,39600,1,2022-04-02 16:00:00,2022-10-01 16:00:00
MEX,19.436077,-99.07191,MX,America/Mexico_City,-21600,0,2022-04-03 08:00:00,2022-10-30 07:00:00
MFM,22.157835,113.576416,MO,Asia/Macau,28800,0,No DST
MGA,12.144651,-86.17132,NI,America/Managua,-21600,0,No DST
MIA,25.795864,-80.28705,US,America/New_York,-14400,1,2022-03-13 07:00:00,2022-11-06 06:00:00
MIG,31.43111,104.73805,CN,Asia/Shanghai,28800,0,No DST
MNL,14.516388,121.01925,PH,Asia/Manila,28800,0,No DST
MPM,-25.92372,32.574867,MZ,Africa/Maputo,7200,0,No DST
MRS,43.438423,5.214414,FR,Europe/Paris,3600,0,2022-03-27 01:00:00,2022-10-30 01:00:00
MSP,44.884754,-93.22228,US,America/Chicago,-18000,1,2022-03-13 08:00:00,2022-11-06 07:00:00
MSU,-29.455463,27.55906,LS,Africa/Maseru,7200,0,No DST
MSY,29.9922,-90.25901,US,America/Chicago,-18000,1,2022-03-13 08:00:00,2022-11-06 07:00:00
MUC,48.35366,11.775028,DE,Europe/Berlin,3600,0,2022-03-27 01:00:00,2022-10-30 01:00:00
MXP,45.630062,8.725531,IT,Europe/Rome,3600,0,2022-03-27 01:00:00,2022-10-30 01:00:00
MYJ,33.82905,132.7041,JP,Asia/Tokyo,32400,0,No DST
MYY,4.321545,113.98562,MY,Asia/Kuching,28800,0,No DST
NBO,-1.3227102,36.92607,KE,Africa/Nairobi,10800,0,No DST
NRT,35.771988,140.39285,JP,Asia/Tokyo,32400,0,No DST
NUE,49.49712,11.079808,DE,Europe/Berlin,3600,0,2022-03-27 01:00:00,2022-10-30 01:00:00
NVT,-26.880535,-48.649086,BR,America/Sao_Paulo,-10800,0,No DST
ODS,46.42983,30.67744,UA,Europe/Kiev,7200,0,2022-03-27 01:00:00,2022-10-30 01:00:00
OGG,20.896791,-156.43294,US,Pacific/Honolulu,-36000,0,No DST
OKA,26.206404,127.646545,JP,Asia/Tokyo,32400,0,No DST
ONT,34.055977,-117.59806,US,America/Los_Angeles,-25200,1,2022-03-13 10:00:00,2022-11-06 09:00:00
OPO,41.24212,-8.678552,PT,Europe/Lisbon,0,0,2022-03-27 01:00:00,2022-10-30 01:00:00
ORD,41.974163,-87.90732,US,America/Chicago,-18000,1,2022-03-13 08:00:00,2022-11-06 07:00:00
ORK,51.84906,-8.489884,IE,Europe/Dublin,0,1,2022-03-27 01:00:00,2022-10-30 01:00:00
OSL,60.19755,11.100415,NO,Europe/Oslo,3600,0,2022-03-27 01:00:00,2022-10-30 01:00:00
OTP,44.570732,26.084412,RO,Europe/Bucharest,7200,0,2022-03-27 01:00:00,2022-10-30 01:00:00
NCE,43.659767,7.2148213,FR,Europe/Paris,3600,0,2022-03-27 01:00:00,2022-10-30 01:00:00
NCL,55.039345,-1.6931281,GB,Europe/London,0,0,2022-03-27 01:00:00,2022-10-30 01:00:00
NGO,34.859093,136.8146,JP,Asia/Tokyo,32400,0,No DST
NKG,31.73359,118.871445,CN,Asia/Shanghai,28800,0,No DST
NNG,22.609644,108.17166,CN,Asia/Shanghai,28800,0,No DST
PEN,5.2934294,100.271515,MY,Asia/Kuala_Lumpur,28800,0,No DST
PER,-31.938547,115.96725,AU,Australia/Perth,28800,0,No DST
PAP,18.575655,-72.29489,HT,America/Port-au-Prince,-14400,1,2022-03-13 07:00:00,2022-11-06 06:00:00
PDX,45.58977,-122.59509,US,America/Los_Angeles,-25200,1,2022-03-13 10:00:00,2022-11-06 09:00:00
PEK,40.079857,116.60311,CN,Asia/Shanghai,28800,0,No DST
PHF,37.131668,-76.492775,US,America/New_York,-14400,1,2022-03-13 07:00:00,2022-11-06 06:00:00
PHL,39.874397,-75.242424,US,America/New_York,-14400,1,2022-03-13 07:00:00,2022-11-06 06:00:00
PHL,39.874397,-75.242424,US,America/New_York,-14400,1,2022-03-13 07:00:00,2022-11-06 06:00:00
PIT,40.495773,-80.24131,US,America/New_York,-14400,1,2022-03-13 07:00:00,2022-11-06 06:00:00
PKX,40.0799,116.603,CN,Asia/Shanghai,28800,0,No DST
PNH,11.552743,104.844475,KH,Asia/Phnom_Penh,25200,0,No DST
POZ,52.419952,16.828615,PL,Europe/Warsaw,3600,0,2022-03-27 01:00:00,2022-10-30 01:00:00
PPG,-14.331389,-170.7114,AS,Pacific/Pago_Pago,-39600,0,No DST
PRG,50.10179,14.263181,CZ,Europe/Prague,3600,0,2022-03-27 01:00:00,2022-10-30 01:00:00
PTY,9.066701,-79.387375,PA,America/Panama,-18000,0,No DST
PVG,31.144344,121.80827,CN,Asia/Shanghai,28800,0,No DST
QKL,50.9425,6.958056,DE,Europe/Berlin,3600,0,2022-03-27 01:00:00,2022-10-30 01:00:00
QYG,52.5251,13.3694,DE,Europe/Berlin,3600,0,2022-03-27 01:00:00,2022-10-30 01:00:00
RDU,35.880077,-78.787994,US,America/New_York,-14400,1,2022-03-13 07:00:00,2022-11-06 06:00:00
RGN,16.902773,96.13526,MM,Asia/Yangon,23400,0,No DST
RIC,37.50658,-77.32081,US,America/New_York,-14400,1,2022-03-13 07:00:00,2022-11-06 06:00:00
RIX,56.922657,23.973312,LV,Europe/Riga,7200,0,2022-03-27 01:00:00,2022-10-30 01:00:00
SLC,40.78994,-111.97907,US,America/Denver,-21600,1,2022-03-13 09:00:00,2022-11-06 08:00:00
SMF,38.695084,-121.590065,US,America/Los_Angeles,-25200,1,2022-03-13 10:00:00,2022-11-06 09:00:00
SNA,33.67619,-117.86748,US,America/Los_Angeles,-25200,1,2022-03-13 10:00:00,2022-11-06 09:00:00
SOF,42.693428,23.407124,BG,Europe/Sofia,7200,0,2022-03-27 01:00:00,2022-10-30 01:00:00
SRG,-6.9655857,110.374916,ID,Asia/Jakarta,25200,0,No DST
STL,38.751648,-90.37153,US,America/Chicago,-18000,1,2022-03-13 08:00:00,2022-11-06 07:00:00
TLS,43.629387,1.367682,FR,Europe/Paris,3600,0,2022-03-27 01:00:00,2022-10-30 01:00:00
TLV,32.00553,34.88541,IL,Asia/Jerusalem,7200,0,2022-03-25 00:00:00,2022-10-29 23:00:00
TMW,-31.084454,150.84837,AU,Australia/Sydney,39600,1,2022-04-02 16:00:00,2022-10-01 16:00:00
TPA,27.983479,-82.53708,US,America/New_York,-14400,1,2022-03-13 07:00:00,2022-11-06 06:00:00
RNO,39.49959,-119.7681,US,America/Los_Angeles,-25200,1,2022-03-13 10:00:00,2022-11-06 09:00:00
ROR,7.364302,134.53291,PW,Pacific/Palau,32400,0,No DST
ROV,47.254948,39.803177,RU,Europe/Moscow,10800,0,No DST
RSW,26.533705,-81.75531,US,America/New_York,-14400,1,2022-03-13 07:00:00,2022-11-06 06:00:00
RZE,50.114826,22.024597,PL,Europe/Warsaw,3600,0,2022-03-27 01:00:00,2022-10-30 01:00:00
SAF,35.618256,-106.08453,US,America/Denver,-21600,1,2022-03-13 09:00:00,2022-11-06 08:00:00
SJC,37.36395,-121.92894,US,America/Los_Angeles,-25200,1,2022-03-13 10:00:00,2022-11-06 09:00:00
SZB,3.132803,101.5544,MY,Asia/Kuala_Lumpur,28800,0,No DST
SZG,47.79265,13.002928,AT,Europe/Vienna,3600,0,2022-03-27 01:00:00,2022-10-30 01:00:00
SZX,22.636827,113.814606,CN,Asia/Shanghai,28800,0,No DST
TAO,36.266674,120.383125,CN,Asia/Shanghai,28800,0,No DST
TFS,28.046757,-16.57253,ES,Atlantic/Canary,0,0,2022-03-27 01:00:00,2022-10-30 01:00:00
TFU,30.2715,104.444,CN,Asia/Shanghai,28800,0,No DST
TGG,5.3789315,103.10537,MY,Asia/Kuala_Lumpur,28800,0,No DST
TLL,59.414127,24.832975,EE,Europe/Tallinn,7200,0,2022-03-27 01:00:00,2022-10-30 01:00:00
SAL,13.445138,-89.05704,SV,America/El_Salvador,-21600,0,No DST
SAN,32.7338,-117.193306,US,America/Los_Angeles,-25200,1,2022-03-13 10:00:00,2022-11-06 09:00:00
SAP,15.45445,-87.92651,HN,America/Tegucigalpa,-21600,0,No DST
SAT,29.531197,-98.468346,US,America/Chicago,-18000,1,2022-03-13 08:00:00,2022-11-06 07:00:00
SCL,-33.39051,-70.79381,CL,America/Santiago,-10800,1,2022-04-03 03:00:00,2022-09-04 04:00:00
SEA,47.45025,-122.308815,US,America/Los_Angeles,-25200,1,2022-03-13 10:00:00,2022-11-06 09:00:00
SFO,37.62131,-122.37895,US,America/Los_Angeles,-25200,1,2022-03-13 10:00:00,2022-11-06 09:00:00
SGN,10.818463,106.65882,VN,Asia/Ho_Chi_Minh,25200,0,No DST
SHA,31.19221,121.3343,CN,Asia/Shanghai,28800,0,No DST
SHO,-26.357834,31.72097,SZ,Africa/Mbabane,7200,0,No DST
SIN,1.3644202,103.99153,SG,Asia/Singapore,28800,0,No DST
SJO,9.997981,-84.20402,CR,America/Costa_Rica,-21600,0,No DST
SKB,17.311506,-62.718426,KN,America/St_Kitts,-14400,0,No DST
SUB,-7.3788853,112.78729,ID,Asia/Jakarta,25200,0,No DST
SVO,55.973648,37.412502,RU,Europe/Moscow,10800,0,No DST
SYD,-33.939922,151.17528,AU,Australia/Sydney,39600,1,2022-04-02 16:00:00,2022-10-01 16:00:00
SYR,43.11393,-76.11019,US,America/New_York,-14400,1,2022-03-13 07:00:00,2022-11-06 06:00:00
TST,7.5094256,99.61646,TH,Asia/Bangkok,25200,0,No DST
TUS,32.11451,-110.939224,US,America/Phoenix,-25200,0,No DST
UBP,15.247016,104.87071,TH,Asia/Bangkok,25200,0,No DST
UPG,-5.077747,119.549484,ID,Asia/Makassar,28800,0,No DST
VCE,45.506313,12.34752,IT,Europe/Rome,3600,0,2022-03-27 01:00:00,2022-10-30 01:00:00
STR,48.687637,9.205576,DE,Europe/Berlin,3600,0,2022-03-27 01:00:00,2022-10-30 01:00:00
TPE,25.07965,121.234215,TW,Asia/Taipei,28800,0,No DST
TRD,63.45827,10.922599,NO,Europe/Oslo,3600,0,2022-03-27 01:00:00,2022-10-30 01:00:00
TSA,25.067566,121.5527,TW,Asia/Taipei,28800,0,No DST
TSN,39.130405,117.3592,CN,Asia/Shanghai,28800,0,No DST
VIE,48.115833,16.566576,AT,Europe/Vienna,3600,0,2022-03-27 01:00:00,2022-10-30 01:00:00
VLC,39.48923,-0.4780256,ES,Europe/Madrid,3600,0,2022-03-27 01:00:00,2022-10-30 01:00:00
VNO,54.638035,25.286558,LT,Europe/Vilnius,7200,0,2022-03-27 01:00:00,2022-10-30 01:00:00
VRN,45.4,10.890141,IT,Europe/Rome,3600,0,2022-03-27 01:00:00,2022-10-30 01:00:00
VTE,17.98692,102.56344,LA,Asia/Vientiane,25200,0,No DST
VVO,43.39485,132.14774,RU,Asia/Vladivostok,36000,0,No DST
WAW,52.167236,20.967892,PL,Europe/Warsaw,3600,0,2022-03-27 01:00:00,2022-10-30 01:00:00
WRO,51.104164,16.880934,PL,Europe/Warsaw,3600,0,2022-03-27 01:00:00,2022-10-30 01:00:00
WUH,30.776617,114.21245,CN,Asia/Shanghai,28800,0,No DST
WUX,31.498625,120.435265,CN,Asia/Shanghai,28800,0,No DST
XMN,24.53907,118.13437,CN,Asia/Shanghai,28800,0,No DST
YEG,53.30661,-113.58982,CA,America/Edmonton,-21600,1,2022-03-13 09:00:00,2022-11-06 08:00:00
YIA,-7.79558,110.369,ID,Asia/Jakarta,25200,0,No DST
YLW,49.95693,-119.37873,CA,America/Vancouver,-25200,1,2022-03-13 10:00:00,2022-11-06 09:00:00
YMM,56.649204,-111.23003,CA,America/Edmonton,-21600,1,2022-03-13 09:00:00,2022-11-06 08:00:00
YOW,45.319214,-75.66917,CA,America/Toronto,-14400,1,2022-03-13 07:00:00,2022-11-06 06:00:00
YQU,55.17668,-118.87381,CA,America/Edmonton,-21600,1,2022-03-13 09:00:00,2022-11-06 08:00:00
YSJ,45.3265,-65.88887,CA,America/Moncton,-10800,1,2022-03-13 06:00:00,2022-11-06 05:00:00
YUL,45.465687,-73.74548,CA,America/Toronto,-14400,1,2022-03-13 07:00:00,2022-11-06 06:00:00
YUM,32.668552,-114.59914,US,America/Phoenix,-25200,0,No DST
YVR,49.19669,-123.18151,CA,America/Vancouver,-25200,1,2022-03-13 10:00:00,2022-11-06 09:00:00
YXS,53.884113,-122.67399,CA,America/Vancouver,-25200,1,2022-03-13 10:00:00,2022-11-06 09:00:00
YYC,51.121502,-114.007614,CA,America/Edmonton,-21600,1,2022-03-13 09:00:00,2022-11-06 08:00:00
YYJ,48.6481,-123.42866,CA,America/Vancouver,-25200,1,2022-03-13 10:00:00,2022-11-06 09:00:00
YYZ,43.67772,-79.62482,CA,America/Toronto,-14400,1,2022-03-13 07:00:00,2022-11-06 06:00:00
ZAG,45.74075,16.067436,HR,Europe/Zagreb,3600,0,2022-03-27 01:00:00,2022-10-30 01:00:00
ZRH,47.458218,8.555475,CH,Europe/Zurich,3600,0,2022-03-27 01:00:00,2022-10-30 01:00:00
ZUH,22.008072,113.37859,CN,Asia/Shanghai,28800,0,No DST
ZVR,52.3765,9.74103,DE,Europe/Berlin,3600,0,2022-03-27 01:00:00,2022-10-30 01:00:00
